,Sequence,Molecular Weight,Isoelectric Point,Hydrophobicity,Aliphatic Index,Charged,Amphiphilicity,PCP_PC,PCP_NC,PCP_NE,PCP_PO,PCP_NP,PCP_AL,PCP_CY,PCP_AR,PCP_AC,PCP_BS,PCP_NE_pH,PCP_HB,PCP_HL,PCP_NT,PCP_HX,PCP_SC,Label
0,YGNNNNGY,914.88624,6.086602629628032,-2.175,0.0,-0.0037165290438786,0.0665014565958036,0.0,0.0,1.0,0.25,0.25,0.25,0.0,0.25,0.0,0.0,1.0,0.0,0.5,0.25,0.0,0.0,Negative
1,PKEPKEGR,940.06724,9.534848329611124,-2.8625,0.0,1.0009411658801082,0.3879736167867946,0.375,0.25,0.375,0.0,0.375,0.375,0.25,0.0,0.25,0.375,0.375,0.25,0.625,0.375,0.0,0.0,Negative
2,PKEPKEGE,912.99524,4.479432330001146,-2.7375,0.0,-0.9972804000738316,0.3694047575258661,0.25,0.375,0.375,0.0,0.375,0.375,0.25,0.0,0.375,0.25,0.375,0.25,0.5,0.5,0.0,0.0,Positive
3,YGKEKEGY,973.05024,6.517425344791263,-2.2750000000000004,0.0,-0.0007563512562672,0.0891349945980802,0.25,0.25,0.5,0.25,0.25,0.25,0.0,0.25,0.25,0.25,0.5,0.0,0.25,0.5,0.0,0.0,Negative
4,YGSSSSGY,806.7838399999998,6.086602629628032,-0.8250000000000001,0.0,-0.0037165290438786,0.0330157874811187,0.0,0.0,1.0,0.75,0.25,0.25,0.0,0.25,0.0,0.0,1.0,0.0,0.0,0.75,0.5,0.0,Negative
5,PKEPKEGY,947.05574,6.523989745415747,-2.4625000000000004,0.0,9.40629620456157e-05,0.4149660658538042,0.25,0.25,0.5,0.125,0.375,0.375,0.25,0.125,0.25,0.25,0.5,0.25,0.5,0.375,0.0,0.0,Negative
6,EGQQQQGE,902.87284,3.613691325765103,-2.725,0.0,-1.998465455115633,0.1757938202605352,0.0,0.25,0.75,0.5,0.25,0.25,0.0,0.0,0.25,0.0,0.75,0.0,0.0,1.0,0.0,0.0,Negative
7,EGQQQQGE,902.87284,3.613691325765103,-2.725,0.0,-1.998465455115633,0.1757938202605352,0.0,0.25,0.75,0.5,0.25,0.25,0.0,0.0,0.25,0.0,0.75,0.0,0.0,1.0,0.0,0.0,Negative
8,ADARYKS,809.8772399999999,9.297356245107949,-1.4857142857142858,28.57142857142857,0.9972820241771851,0.0831117056513135,0.286,0.143,0.571,0.286,0.286,0.286,0.0,0.143,0.143,0.286,0.571,0.286,0.286,0.286,0.143,0.0,Negative
9,QQQQGE,716.70544,3.849983240943402,-2.983333333333333,0.0,-1.000240577861443,0.1010560419548543,0.0,0.167,0.833,0.667,0.167,0.167,0.0,0.0,0.167,0.0,0.833,0.0,0.0,1.0,0.0,0.0,Negative
10,VVVAHH,660.7740399999999,7.714356231503189,1.333333333333334,161.66666666666666,0.1798024812109291,0.0672077549888691,0.333,0.0,0.667,0.0,0.667,0.667,0.0,0.0,0.0,0.333,0.667,0.667,0.333,0.0,0.0,0.0,Negative
11,QQQGRR,771.8342399999999,12.500109306536617,-3.3166666666666664,0.0,1.997977676792247,0.7046610512888197,0.333,0.0,0.667,0.5,0.167,0.167,0.0,0.0,0.0,0.333,0.667,0.0,0.333,0.667,0.0,0.0,Negative
12,VVVARR,698.8668399999999,12.500109306536617,0.9000000000000004,161.66666666666666,1.997977676792247,0.516818316254576,0.333,0.0,0.667,0.0,0.667,0.667,0.0,0.0,0.0,0.333,0.667,0.667,0.333,0.0,0.0,0.0,Negative
13,QQQQGY,750.76594,6.093198032584041,-2.6166666666666667,0.0,-0.0028661148255656,0.1140685533324293,0.0,0.0,1.0,0.833,0.167,0.167,0.0,0.167,0.0,0.0,1.0,0.0,0.0,0.833,0.0,0.0,Negative
14,RGRWYGGEEEEE,1496.5126399999997,4.021522247698158,-2.4916666666666667,0.0,-2.9939971236970164,0.1407551094645586,0.167,0.417,0.417,0.083,0.333,0.25,0.0,0.167,0.417,0.167,0.417,0.083,0.167,0.667,0.0,0.0,Negative
15,RGRWYGGKKKKK,1491.8056399999998,11.88882192503661,-2.6583333333333328,0.0,6.995652093313913,0.1256982753067726,0.583,0.0,0.417,0.083,0.333,0.25,0.0,0.167,0.0,0.583,0.417,0.083,0.583,0.25,0.0,0.0,Negative
16,RGRWYGGNNNNN,1421.4541400000005,11.14762292895466,-2.4916666666666667,0.0,1.9971272625739345,0.1367859993250176,0.167,0.0,0.833,0.083,0.333,0.25,0.0,0.167,0.0,0.167,0.833,0.083,0.583,0.25,0.0,0.0,Negative
17,RGRWGGIIIII,1253.55614,12.500109306536617,1.0363636363636362,177.27272727272728,1.997977676792247,0.0392669264469074,0.182,0.0,0.818,0.0,0.818,0.727,0.0,0.091,0.0,0.182,0.818,0.545,0.182,0.273,0.0,0.0,Positive
18,RGRWYGGPPPPP,1336.51864,11.14762292895466,-1.7000000000000002,0.0,1.9971272625739345,0.2304812865053466,0.167,0.0,0.833,0.083,0.75,0.667,0.417,0.167,0.0,0.167,0.833,0.5,0.583,0.25,0.0,0.0,Negative
19,DDDGGKEKEKE,1249.25364,4.073914962355048,-3.0454545454545454,0.0,-2.996235981460821,0.1928213976113797,0.273,0.545,0.182,0.0,0.182,0.182,0.0,0.0,0.545,0.273,0.182,0.0,0.273,0.727,0.0,0.0,Negative
20,RGDGGNNNNN,1030.96604,6.338718596380204,-2.6700000000000004,0.0,-0.0015725277524979,0.0433389945938811,0.1,0.1,0.8,0.0,0.3,0.3,0.0,0.0,0.1,0.1,0.8,0.0,0.6,0.4,0.0,0.0,Negative
21,GDGDGGNNNNN,1046.91904,3.49188149953261,-2.372727272727273,0.0,-2.001122732297243,0.1174588311556532,0.0,0.182,0.818,0.0,0.364,0.364,0.0,0.0,0.182,0.0,0.818,0.0,0.455,0.545,0.0,0.0,Negative
22,GWGDGGNNNNN,1118.04364,3.749987360555679,-2.136363636363636,0.0,-1.001569216452248,0.2725913117038758,0.0,0.091,0.909,0.0,0.455,0.364,0.0,0.091,0.091,0.0,0.909,0.091,0.455,0.455,0.0,0.0,Negative
23,GWGWGGNNNNN,1189.1682400000002,6.099999998230487,-1.9,0.0,-0.0020157006072527,0.1418690809791285,0.0,0.0,1.0,0.0,0.545,0.364,0.0,0.182,0.0,0.0,1.0,0.182,0.455,0.364,0.0,0.0,Negative
24,YYYGGKEKEKE,1393.5158399999998,6.58815358672291,-2.4454545454545453,0.0,-0.0001266765807743,0.1769852648769522,0.273,0.273,0.455,0.273,0.182,0.182,0.0,0.273,0.273,0.273,0.455,0.0,0.273,0.455,0.0,0.0,Negative
25,DDDGGIIIII,1043.18184,3.338529970962554,1.12,195.0,-3.0006762481422387,0.0887458740647093,0.0,0.3,0.7,0.0,0.7,0.7,0.0,0.0,0.3,0.0,0.7,0.5,0.0,0.5,0.0,0.0,Negative
26,DDDGGNNNNN,1047.90384,3.338529970962554,-2.88,0.0,-3.0006762481422387,0.1901126562525562,0.0,0.3,0.7,0.0,0.2,0.2,0.0,0.0,0.3,0.0,0.7,0.0,0.5,0.5,0.0,0.0,Negative
27,DDDGGPPPPP,962.96834,3.338529970962554,-1.9300000000000004,0.0,-3.0006762481422387,0.0854462954164333,0.0,0.3,0.7,0.0,0.7,0.7,0.5,0.0,0.3,0.0,0.7,0.5,0.5,0.5,0.0,0.0,Negative
28,YYYGGNNNNN,1192.16604,6.080201585311443,-2.22,0.0,-0.0045669432621915,0.1501324666622555,0.0,0.0,1.0,0.3,0.2,0.2,0.0,0.3,0.0,0.0,1.0,0.0,0.5,0.2,0.0,0.0,Positive
29,YYYGGPPPPP,1107.23054,6.080201585311443,-1.27,0.0,-0.0045669432621915,0.045352955495305,0.0,0.0,1.0,0.3,0.7,0.7,0.5,0.3,0.0,0.0,1.0,0.5,0.5,0.2,0.0,0.0,Negative
30,KEGSSVVVVV,1002.17614,6.408795645926148,1.16,145.0,-0.000535611713447,0.3319504059546959,0.1,0.1,0.8,0.2,0.6,0.6,0.0,0.0,0.1,0.1,0.8,0.5,0.1,0.4,0.2,0.0,Positive
31,KEYGGAAAAA,907.97864,6.40200117090717,-0.0500000000000001,50.0,-0.0013860259317599,0.1846583739847171,0.1,0.1,0.8,0.1,0.7,0.7,0.0,0.1,0.1,0.1,0.8,0.5,0.1,0.3,0.0,0.0,Negative
32,RGDSSYWCA,1044.1064399999998,6.158123831730336,-0.8777777777777778,11.11111111111111,-0.0643976578961689,0.262058484797499,0.111,0.111,0.778,0.444,0.333,0.222,0.0,0.222,0.111,0.111,0.778,0.333,0.111,0.444,0.222,0.111,Negative
33,KEYGGLALAL,1034.22044,6.40200117090717,0.5499999999999998,137.0,-0.0013860259317599,0.2153241930091127,0.1,0.1,0.8,0.1,0.7,0.7,0.0,0.1,0.1,0.1,0.8,0.5,0.1,0.3,0.0,0.0,Negative
34,YGGPRPRPRPR,1308.51184,12.501769579015672,-2.409090909090909,0.0,3.997120639973434,0.1847097233512337,0.364,0.0,0.636,0.091,0.545,0.545,0.364,0.091,0.0,0.364,0.636,0.364,0.727,0.182,0.0,0.0,Positive
35,YGGYKSSSSS,1022.03614,9.145600226707757,-1.1300000000000003,0.0,0.9959884371041172,0.1447040217562012,0.1,0.0,0.9,0.7,0.2,0.2,0.0,0.2,0.0,0.1,0.9,0.0,0.1,0.7,0.5,0.0,Negative
36,GWGWKEAQGE,1147.21194,4.258147296961397,-1.56,10.0,-0.9987604889676372,0.1404124595186784,0.1,0.2,0.7,0.1,0.6,0.4,0.0,0.2,0.2,0.1,0.7,0.3,0.1,0.6,0.0,0.0,Negative
37,KEYGGVAVA,893.0074399999999,6.40200117090717,0.2777777777777777,86.66666666666666,-0.0013860259317599,0.1278221083381496,0.111,0.111,0.778,0.111,0.667,0.667,0.0,0.111,0.111,0.111,0.778,0.444,0.111,0.333,0.0,0.0,Negative
38,RGDSGIIGII,1000.16284,6.338718596380204,0.8,156.0,-0.0015725277524979,0.4467751626885115,0.1,0.1,0.8,0.1,0.7,0.7,0.0,0.0,0.1,0.1,0.8,0.4,0.1,0.5,0.1,0.0,Negative
39,FQDFNDFADA,1189.20294,3.338529970962554,-0.55,20.0,-3.0006762481422387,0.5203189982889285,0.0,0.3,0.7,0.1,0.5,0.2,0.0,0.3,0.3,0.0,0.7,0.5,0.1,0.4,0.0,0.0,Positive
40,KTWQElYQLKI,1336.55344,9.25604694057256,-1.1727272727272726,70.9090909090909,0.9983189402162358,0.2064894553081158,0.182,0.091,0.727,0.364,0.364,0.273,0.0,0.182,0.091,0.182,0.727,0.455,0.182,0.364,0.091,0.0,Negative
41,QPRSSLLWFD,1248.40374,6.338718596380204,-0.5199999999999998,78.0,-0.0015725277524979,0.2466783604919039,0.1,0.1,0.8,0.3,0.5,0.3,0.1,0.2,0.1,0.1,0.8,0.5,0.2,0.4,0.2,0.0,Negative
42,GKGIINSPYS,1035.16484,9.298300650902092,-0.37,78.0,0.9968388513224302,0.3701605416445856,0.1,0.0,0.9,0.3,0.5,0.5,0.1,0.1,0.0,0.1,0.9,0.3,0.3,0.4,0.2,0.0,Negative
43,DGFGGRGYGG,941.95534,6.3318953779526055,-0.8900000000000002,0.0,-0.0024229419708108,0.1700404365105814,0.1,0.1,0.8,0.1,0.7,0.6,0.0,0.2,0.1,0.1,0.8,0.1,0.1,0.7,0.0,0.0,Negative
44,RGWGGDGSGG,904.89414,6.338718596380204,-1.2100000000000002,0.0,-0.0015725277524979,0.2906978891442291,0.1,0.1,0.8,0.1,0.7,0.6,0.0,0.1,0.1,0.1,0.8,0.1,0.1,0.8,0.1,0.0,Negative
45,RGYGGDGQGG,922.90944,6.3318953779526055,-1.52,0.0,-0.0024229419708108,0.2996268337696928,0.1,0.1,0.8,0.2,0.6,0.6,0.0,0.1,0.1,0.1,0.8,0.0,0.1,0.8,0.0,0.0,Negative
46,RGFGGDGWGG,964.99254,6.338718596380204,-0.8500000000000002,0.0,-0.0015725277524979,0.2457925520314958,0.1,0.1,0.8,0.0,0.8,0.6,0.0,0.2,0.1,0.1,0.8,0.2,0.1,0.7,0.0,0.0,Positive
47,RGYGGDGYGG,957.95474,6.325280332472175,-1.3,0.0,-0.0032733561891237,0.1981179670543615,0.1,0.1,0.8,0.2,0.6,0.6,0.0,0.2,0.1,0.1,0.8,0.0,0.1,0.7,0.0,0.0,Negative
48,DGYGGGAGFA,870.8735399999999,3.7499869628809392,-0.04,20.0,-1.0024196306705608,0.1643971260175903,0.0,0.1,0.9,0.1,0.8,0.7,0.0,0.2,0.1,0.0,0.9,0.3,0.0,0.6,0.0,0.0,Negative
49,GHGLYRGKGG,1001.11284,10.455031820572913,-1.11,39.0,2.0877446309312706,0.2472174401511107,0.3,0.0,0.7,0.1,0.6,0.6,0.0,0.1,0.0,0.3,0.7,0.1,0.3,0.5,0.0,0.0,Positive
50,GHGLYGEGLD,1017.06284,4.181152219418436,-0.55,78.0,-1.90973541701566,0.2421525136525945,0.1,0.2,0.7,0.1,0.6,0.6,0.0,0.1,0.2,0.1,0.7,0.2,0.1,0.6,0.0,0.0,Negative
51,GHGLYGRGLK,1057.22034,10.455031820572913,-0.6900000000000001,78.0,2.0877446309312706,0.4380175676078028,0.3,0.0,0.7,0.1,0.6,0.6,0.0,0.1,0.0,0.3,0.7,0.2,0.3,0.4,0.0,0.0,Positive
52,GHGLYDGDGG,946.92844,4.106573987286538,-0.97,39.0,-1.9110640556064653,0.1523024232012921,0.1,0.2,0.7,0.1,0.6,0.6,0.0,0.1,0.2,0.1,0.7,0.1,0.1,0.7,0.0,0.0,Negative
53,DGYGGGAGWA,909.91014,3.7499869628809392,-0.41,20.0,-1.0024196306705608,0.1490962785984178,0.0,0.1,0.9,0.1,0.8,0.7,0.0,0.2,0.1,0.0,0.9,0.3,0.0,0.6,0.0,0.0,Positive
54,DGYGGFPGVG,924.96524,3.7499869628809392,-0.1399999999999999,29.0,-1.0024196306705608,0.2329836703736374,0.0,0.1,0.9,0.1,0.8,0.7,0.1,0.2,0.1,0.0,0.9,0.3,0.1,0.6,0.0,0.0,Negative
55,FEFEGGRGDS,1100.10944,3.927550663705915,-1.14,0.0,-1.9980222822608784,0.2014813217323074,0.1,0.3,0.6,0.1,0.5,0.3,0.0,0.2,0.3,0.1,0.6,0.2,0.1,0.7,0.1,0.0,Negative
56,QYDDEKSIVW,1282.3721399999995,3.876011789310724,-1.2200000000000002,68.0,-2.0004930576217506,0.1068302222442946,0.1,0.3,0.6,0.3,0.3,0.2,0.0,0.2,0.3,0.1,0.6,0.3,0.1,0.5,0.1,0.0,Negative
57,SRLKKFDFWS,1313.52174,10.789009236730635,-0.8900000000000002,39.0,1.9978374045434937,0.1758403015471074,0.3,0.1,0.6,0.2,0.4,0.1,0.0,0.3,0.1,0.3,0.6,0.4,0.3,0.3,0.2,0.0,Positive
58,YTRDLVYKNP,1268.43504,9.145093667320907,-1.23,68.0,0.996431609958872,0.252047390527801,0.2,0.1,0.7,0.3,0.3,0.3,0.1,0.2,0.1,0.2,0.7,0.4,0.4,0.2,0.1,0.0,Positive
59,YGGSRSRSRSR,1268.35784,12.501769579015672,-2.118181818181818,0.0,3.997120639973434,0.1835040085495292,0.364,0.0,0.636,0.455,0.182,0.182,0.0,0.091,0.0,0.364,0.636,0.0,0.364,0.545,0.364,0.0,Negative
60,FLELKSFSE,1099.2487399999998,4.258147296961397,0.0777777777777777,86.66666666666666,-0.9987604889676372,0.2689883792296016,0.111,0.222,0.667,0.222,0.444,0.222,0.0,0.222,0.222,0.111,0.667,0.444,0.111,0.444,0.222,0.0,Negative
61,WKKIRVRLSA,1256.5600399999998,12.531747031025589,-0.4199999999999999,117.0,3.9973876090882383,0.2476233327421077,0.4,0.0,0.6,0.1,0.5,0.4,0.0,0.1,0.0,0.4,0.6,0.5,0.4,0.1,0.1,0.0,Negative
62,DAVIHASGKQ,1025.12944,7.549350681714714,-0.3000000000000001,88.0,0.0890448406048387,0.2499541952603775,0.2,0.1,0.7,0.2,0.5,0.5,0.0,0.0,0.1,0.2,0.7,0.4,0.2,0.4,0.1,0.0,Negative
63,GADGVGKSAL,873.96144,6.337367167230696,0.22,88.0,-0.001864250304252,0.3804965497733018,0.1,0.1,0.8,0.1,0.7,0.7,0.0,0.0,0.1,0.1,0.8,0.4,0.1,0.5,0.1,0.0,Positive
64,RGDSADDARS,1049.02194,4.311970512848347,-1.7900000000000005,20.0,-1.0006828707427382,0.1170503109970284,0.2,0.3,0.5,0.2,0.3,0.3,0.0,0.0,0.3,0.2,0.5,0.2,0.2,0.6,0.2,0.0,Negative
65,GFLGRGRDSG,1021.10064,10.397768874652684,-0.8300000000000001,39.0,0.998424160947252,0.320162784089478,0.2,0.1,0.7,0.1,0.6,0.5,0.0,0.1,0.1,0.2,0.7,0.2,0.2,0.6,0.1,0.0,Negative
66,RRFGFGFGRR,1255.45074,12.97714555542916,-1.08,0.0,3.997971054191747,0.5946374575815535,0.4,0.0,0.6,0.0,0.6,0.3,0.0,0.3,0.0,0.4,0.6,0.3,0.4,0.3,0.0,0.0,Positive
67,IIWYGRGIGIIRI,1529.8915399999998,11.14762292895466,1.1230769230769229,180.0,1.9971272625739345,0.3267377041196807,0.154,0.0,0.846,0.077,0.769,0.692,0.0,0.154,0.0,0.154,0.846,0.538,0.154,0.231,0.0,0.0,Positive
68,IRIGYGWIIIGIR,1529.8915399999998,11.14762292895466,1.123076923076923,180.0,1.9971272625739345,0.2926731341688697,0.154,0.0,0.846,0.077,0.769,0.692,0.0,0.154,0.0,0.154,0.846,0.538,0.154,0.231,0.0,0.0,Positive
69,YIRWGIGGIIRII,1529.89154,11.14762292895466,1.123076923076923,180.0,1.9971272625739345,0.6092974326062224,0.154,0.0,0.846,0.077,0.769,0.692,0.0,0.154,0.0,0.154,0.846,0.538,0.154,0.231,0.0,0.0,Positive
70,IGIGIIYWIGRRI,1529.8915399999998,11.14762292895466,1.123076923076923,180.0,1.9971272625739345,0.562223116648021,0.154,0.0,0.846,0.077,0.769,0.692,0.0,0.154,0.0,0.154,0.846,0.538,0.154,0.231,0.0,0.0,Positive
71,IIDGDIIIGD,1043.18184,3.338529970962554,1.12,195.0,-3.0006762481422387,0.210162641503831,0.0,0.3,0.7,0.0,0.7,0.7,0.0,0.0,0.3,0.0,0.7,0.5,0.0,0.5,0.0,0.0,Negative
72,IIDGDDGII,930.02244,3.338529970962554,0.7444444444444444,173.33333333333331,-3.0006762481422387,0.3964002844505909,0.0,0.333,0.667,0.0,0.667,0.667,0.0,0.0,0.333,0.0,0.667,0.444,0.0,0.556,0.0,0.0,Negative
73,DGGIIIIDDI,1043.18184,3.338529970962554,1.12,195.0,-3.0006762481422387,0.3917929733754338,0.0,0.3,0.7,0.0,0.7,0.7,0.0,0.0,0.3,0.0,0.7,0.5,0.0,0.5,0.0,0.0,Positive
74,IDIIIDDGIG,1043.18184,3.338529970962554,1.12,195.0,-3.0006762481422387,0.3347730472140082,0.0,0.3,0.7,0.0,0.7,0.7,0.0,0.0,0.3,0.0,0.7,0.5,0.0,0.5,0.0,0.0,Negative
75,NNYNYYNGNG,1192.16604,6.080201585311443,-2.22,0.0,-0.0045669432621915,0.1058404004667338,0.0,0.0,1.0,0.3,0.2,0.2,0.0,0.3,0.0,0.0,1.0,0.0,0.5,0.2,0.0,0.0,Positive
76,YYGNGNNNYN,1192.16604,6.080201585311443,-2.22,0.0,-0.0045669432621915,0.1953827228671861,0.0,0.0,1.0,0.3,0.2,0.2,0.0,0.3,0.0,0.0,1.0,0.0,0.5,0.2,0.0,0.0,Positive
77,GGNYYNNNYN,1192.16604,6.080201585311443,-2.22,0.0,-0.0045669432621915,0.2888575054749432,0.0,0.0,1.0,0.3,0.2,0.2,0.0,0.3,0.0,0.0,1.0,0.0,0.5,0.2,0.0,0.0,Positive
78,NYNNGGNYNY,1192.16604,6.080201585311443,-2.22,0.0,-0.0045669432621915,0.1651844295200722,0.0,0.0,1.0,0.3,0.2,0.2,0.0,0.3,0.0,0.0,1.0,0.0,0.5,0.2,0.0,0.0,Positive
79,AAAAPEEPAAAA,1039.11004,3.613691325765103,0.3500000000000001,66.66666666666666,-1.998465455115633,0.0889669104946823,0.0,0.167,0.833,0.0,0.833,0.833,0.167,0.0,0.167,0.0,0.833,0.833,0.167,0.167,0.0,0.0,Negative
80,SQDIRTWNGTRS,1420.5044399999997,10.397768874652684,-1.6083333333333334,32.49999999999999,0.998424160947252,0.1859543355314868,0.167,0.083,0.75,0.417,0.25,0.167,0.0,0.083,0.083,0.167,0.75,0.333,0.25,0.583,0.333,0.0,Negative
81,AAAAPKKPAAAA,1037.22724,10.805379563011227,0.2833333333333334,66.66666666666666,1.997394231688739,0.1775184829659036,0.167,0.0,0.833,0.0,0.833,0.833,0.167,0.0,0.0,0.167,0.833,0.833,0.333,0.0,0.0,0.0,Negative
82,NQNYPKKPYNQN,1507.62544,9.9301290018484,-2.8833333333333333,0.0,1.995693403252113,0.2804712767243338,0.167,0.0,0.833,0.333,0.167,0.167,0.167,0.167,0.0,0.167,0.833,0.167,0.667,0.167,0.0,0.0,Negative
83,DDAAAAAAAA,816.8228399999999,3.49188149953261,0.74,80.0,-2.001122732297243,0.1591084562975759,0.0,0.2,0.8,0.0,0.8,0.8,0.0,0.0,0.2,0.0,0.8,0.8,0.0,0.2,0.0,0.0,Negative
84,FGRGRRFGRF,1255.4507399999998,12.97714555542916,-1.08,0.0,3.997971054191747,0.6324844343169385,0.4,0.0,0.6,0.0,0.6,0.3,0.0,0.3,0.0,0.4,0.6,0.3,0.4,0.3,0.0,0.0,Negative
85,FKSDSKWRFL,1313.52174,10.789009236730635,-0.8900000000000002,39.0,1.9978374045434937,0.1503879560230575,0.3,0.1,0.6,0.2,0.4,0.1,0.0,0.3,0.1,0.3,0.6,0.4,0.3,0.3,0.2,0.0,Positive
86,FRRGGRFFRG,1255.4507399999998,12.97714555542916,-1.0800000000000003,0.0,3.997971054191747,0.9540882879103462,0.4,0.0,0.6,0.0,0.6,0.3,0.0,0.3,0.0,0.4,0.6,0.3,0.4,0.3,0.0,0.0,Positive
87,DDIIIIIIII,1153.46764,3.49188149953261,2.9,312.0,-2.001122732297243,0.217536512564558,0.0,0.2,0.8,0.0,0.8,0.8,0.0,0.0,0.2,0.0,0.8,0.8,0.0,0.2,0.0,0.0,Positive
88,DIIIIIIID,1040.30824,3.49188149953261,2.7222222222222223,303.3333333333333,-2.001122732297243,0.1879667334826661,0.0,0.222,0.778,0.0,0.778,0.778,0.0,0.0,0.222,0.0,0.778,0.778,0.0,0.222,0.0,0.0,Negative
89,SGIIIIIIGS,985.23184,6.099999998230487,2.46,234.0,-0.0020157006072527,0.0614696464397327,0.0,0.0,1.0,0.2,0.8,0.8,0.0,0.0,0.0,0.0,1.0,0.6,0.0,0.4,0.2,0.0,Positive
90,KIIIIIIIIK,1179.63864,10.805379563011227,2.8200000000000003,312.0,1.997394231688739,0.1157957491024646,0.2,0.0,0.8,0.0,0.8,0.8,0.0,0.0,0.0,0.2,0.8,0.8,0.2,0.0,0.0,0.0,Positive
91,KKAAAAAAAA,842.99384,10.805379563011227,0.66,80.0,1.997394231688739,0.2350797543531728,0.2,0.0,0.8,0.0,0.8,0.8,0.0,0.0,0.0,0.2,0.8,0.8,0.2,0.0,0.0,0.0,Positive
92,KKIIIIIIII,1179.63864,10.805379563011227,2.82,312.0,1.997394231688739,0.2912137581910891,0.2,0.0,0.8,0.0,0.8,0.8,0.0,0.0,0.0,0.2,0.8,0.8,0.2,0.0,0.0,0.0,Positive
93,DDVVVVVVVV,1041.25324,3.49188149953261,2.66,232.0,-2.001122732297243,0.1940712848627089,0.0,0.2,0.8,0.0,0.8,0.8,0.0,0.0,0.2,0.0,0.8,0.8,0.0,0.2,0.0,0.0,Positive
94,KKVVVVVVVV,1067.42424,10.805379563011227,2.58,232.0,1.997394231688739,0.2686486845471082,0.2,0.0,0.8,0.0,0.8,0.8,0.0,0.0,0.0,0.2,0.8,0.8,0.2,0.0,0.0,0.0,Positive
95,ERERERERER,1444.5302399999998,6.714969766326249,-4.0,0.0,0.0068433566205463,0.1638051023166813,0.5,0.5,0.0,0.0,0.0,0.0,0.0,0.0,0.5,0.5,0.0,0.0,0.5,0.5,0.0,0.0,Negative
96,PRPRPRPRPR,1284.53624,13.102077076211572,-3.05,0.0,4.997967742891497,0.1666726928923132,0.5,0.0,0.5,0.0,0.5,0.5,0.5,0.0,0.0,0.5,0.5,0.5,1.0,0.0,0.0,0.0,Negative
97,SRSRSRSRSR,1234.3437399999998,13.102077076211572,-2.65,0.0,4.997967742891497,0.1635037773556809,0.5,0.0,0.5,0.5,0.0,0.0,0.0,0.0,0.0,0.5,0.5,0.0,0.5,0.5,0.5,0.0,Positive
98,KGLLYRGGHG,1057.22034,10.455031820572913,-0.6900000000000001,78.0,2.0877446309312706,0.3250405717550617,0.3,0.0,0.7,0.1,0.6,0.6,0.0,0.1,0.0,0.3,0.7,0.2,0.3,0.4,0.0,0.0,Negative
99,SFLKRWKSFD,1313.52174,10.789009236730635,-0.8900000000000002,39.0,1.9978374045434937,0.4639130450057555,0.3,0.1,0.6,0.2,0.4,0.1,0.0,0.3,0.1,0.3,0.6,0.4,0.3,0.3,0.2,0.0,Negative
